﻿{"cameraMode":{"drawMode":0,"name":"Shaded","section":"Shading Mode"},"sceneLighting":false,"audioPlay":false,"sceneViewState":{"showFog":true,"showMaterialUpdate":false,"showSkybox":true,"showFlares":true,"showImageEffects":true,"showParticleSystems":true},"in2DMode":false,"pivot":{"x":0.9506659507751465,"y":4.030002117156982,"z":-5.1600022315979},"rotation":{"x":-0.2821847200393677,"y":-0.051773715764284137,"z":0.015252801589667797,"w":-0.957840621471405},"size":4.6669087409973148,"orthographic":false}