﻿{"cameraMode":{"drawMode":0,"name":"Shaded","section":"Shading Mode"},"sceneLighting":false,"audioPlay":false,"sceneViewState":{"showFog":true,"showMaterialUpdate":false,"showSkybox":true,"showFlares":true,"showImageEffects":true,"showParticleSystems":true},"in2DMode":false,"pivot":{"x":1.4548810720443726,"y":1.0118722915649415,"z":-6.07641077041626},"rotation":{"x":-0.2821847200393677,"y":-0.051773715764284137,"z":0.015252801589667797,"w":-0.957840621471405},"size":13.816603660583496,"orthographic":false}