﻿{"cameraMode":{"drawMode":0,"name":"Shaded","section":"Shading Mode"},"sceneLighting":false,"audioPlay":false,"sceneViewState":{"showFog":true,"showMaterialUpdate":false,"showSkybox":true,"showFlares":true,"showImageEffects":true,"showParticleSystems":true},"in2DMode":false,"pivot":{"x":0.9506659507751465,"y":4.0264573097229,"z":-2.755298614501953},"rotation":{"x":0.3388850688934326,"y":0.09012796729803086,"z":-0.032632023096084598,"w":0.9359321594238281},"size":5.5653791427612309,"orthographic":true}