﻿{"cameraMode":{"drawMode":0,"name":"Shaded","section":"Shading Mode"},"sceneLighting":false,"audioPlay":false,"sceneViewState":{"showFog":true,"showMaterialUpdate":false,"showSkybox":true,"showFlares":true,"showImageEffects":true,"showParticleSystems":true},"in2DMode":false,"pivot":{"x":7.4139404296875,"y":-561.24951171875,"z":2917.6162109375},"rotation":{"x":-0.1459830403327942,"y":0.10278382152318955,"z":-0.015251580625772477,"w":-0.9838149547576904},"size":5090.48828125,"orthographic":false}