﻿{"cameraMode":{"drawMode":0,"name":"Shaded","section":"Shading Mode"},"sceneLighting":false,"audioPlay":false,"sceneViewState":{"showFog":true,"showMaterialUpdate":false,"showSkybox":true,"showFlares":true,"showImageEffects":true,"showParticleSystems":true},"in2DMode":false,"pivot":{"x":-10.770000457763672,"y":-1.9700000286102296,"z":-5.269999980926514},"rotation":{"x":0.013392570428550244,"y":-0.12565544247627259,"z":0.001696451217867434,"w":0.9919821619987488},"size":22.0,"orthographic":true}